NAME,URL
Unity,https://unity.com/ja
Unreal Engine,https://www.unrealengine.com/ja
Godot Engine,https://godotengine.org/ja/
Dora SSR,https://dora-ssr.net/
ct.js,https://ctjs.rocks/jp/
GDevelop,https://gdevelop-app.com/ja
Tonyu System 2,https://www.tonyu.jp/
HSP3,https://hsp.tv/
Light.vn,https://lightvn.net/
Ren'Py,https://ja.renpy.org/
SKYNovel,https://github.com/famibee/SKYNovel
Tuesday JS,https://kirilllive.github.io/tuesday-js/
YU-RIS,http://yu-ris.net/
WOLF RPGエディター,https://silversecond.com/WolfRPGEditor/
Queek2,https://www.aizentranza.com/queek/